[
    {
        "id": "46c740378cd3d37a",
        "type": "tab",
        "label": "power",
        "disabled": false,
        "info": "",
        "env": []
    },
    {
        "id": "ed96e13f2437c5eb",
        "type": "mqtt-broker",
        "name": "HiveMQ",
        "broker": "28f6c1589b264913a367c0a20f84d173.s1.eu.hivemq.cloud",
        "port": "8883",
        "tls": "",
        "clientid": "",
        "autoConnect": true,
        "usetls": true,
        "protocolVersion": "4",
        "keepalive": "60",
        "cleansession": true,
        "autoUnsubscribe": true,
        "birthTopic": "",
        "birthQos": "0",
        "birthRetain": "false",
        "birthPayload": "",
        "birthMsg": {},
        "closeTopic": "",
        "closeQos": "0",
        "closeRetain": "false",
        "closePayload": "",
        "closeMsg": {},
        "willTopic": "",
        "willQos": "0",
        "willRetain": "false",
        "willPayload": "",
        "willMsg": {},
        "userProps": "",
        "sessionExpiry": ""
    },
    {
        "id": "8ff4928f3ec236aa",
        "type": "ui_tab",
        "name": "Home",
        "icon": "dashboard",
        "disabled": false,
        "hidden": false
    },
    {
        "id": "a56f8967af78bfb3",
        "type": "ui_group",
        "name": "Nhiệt độ độ ẩm",
        "tab": "8ff4928f3ec236aa",
        "order": 2,
        "disp": true,
        "width": "8",
        "collapse": false,
        "className": ""
    },
    {
        "id": "734b5b45ad3ff782",
        "type": "ui_group",
        "name": "Đèn led",
        "tab": "8ff4928f3ec236aa",
        "order": 1,
        "disp": true,
        "width": "8",
        "collapse": false,
        "className": ""
    },
    {
        "id": "3ca5b0da4655b552",
        "type": "ui_spacer",
        "z": "46c740378cd3d37a",
        "name": "spacer",
        "group": "734b5b45ad3ff782",
        "order": 1,
        "width": 1,
        "height": 1
    },
    {
        "id": "ea656cded9ad4391",
        "type": "ui_spacer",
        "z": "46c740378cd3d37a",
        "name": "spacer",
        "group": "734b5b45ad3ff782",
        "order": 4,
        "width": 1,
        "height": 1
    },
    {
        "id": "5f7f3f45da332d4e",
        "type": "ui_spacer",
        "z": "46c740378cd3d37a",
        "name": "spacer",
        "group": "734b5b45ad3ff782",
        "order": 5,
        "width": 1,
        "height": 1
    },
    {
        "id": "b46293d11965fb39",
        "type": "ui_spacer",
        "z": "46c740378cd3d37a",
        "name": "spacer",
        "group": "734b5b45ad3ff782",
        "order": 6,
        "width": 1,
        "height": 1
    },
    {
        "id": "2816dd368a25fb5c",
        "type": "ui_spacer",
        "z": "46c740378cd3d37a",
        "name": "spacer",
        "group": "734b5b45ad3ff782",
        "order": 7,
        "width": 1,
        "height": 1
    },
    {
        "id": "cd0f202fa47ea622",
        "type": "ui_spacer",
        "z": "46c740378cd3d37a",
        "name": "spacer",
        "group": "734b5b45ad3ff782",
        "order": 10,
        "width": 1,
        "height": 1
    },
    {
        "id": "b006b7a092b660a4",
        "type": "ui_spacer",
        "z": "46c740378cd3d37a",
        "name": "spacer",
        "group": "734b5b45ad3ff782",
        "order": 11,
        "width": 1,
        "height": 1
    },
    {
        "id": "b34b291dd2b5f6d3",
        "type": "ui_spacer",
        "z": "46c740378cd3d37a",
        "name": "spacer",
        "group": "734b5b45ad3ff782",
        "order": 12,
        "width": 1,
        "height": 1
    },
    {
        "id": "2e6144e7693c1372",
        "type": "ui_base",
        "theme": {
            "name": "theme-light",
            "lightTheme": {
                "default": "#0094CE",
                "baseColor": "#0094CE",
                "baseFont": "-apple-system,BlinkMacSystemFont,Segoe UI,Roboto,Oxygen-Sans,Ubuntu,Cantarell,Helvetica Neue,sans-serif",
                "edited": true,
                "reset": false
            },
            "darkTheme": {
                "default": "#097479",
                "baseColor": "#097479",
                "baseFont": "-apple-system,BlinkMacSystemFont,Segoe UI,Roboto,Oxygen-Sans,Ubuntu,Cantarell,Helvetica Neue,sans-serif",
                "edited": false
            },
            "customTheme": {
                "name": "Untitled Theme 1",
                "default": "#4B7930",
                "baseColor": "#4B7930",
                "baseFont": "-apple-system,BlinkMacSystemFont,Segoe UI,Roboto,Oxygen-Sans,Ubuntu,Cantarell,Helvetica Neue,sans-serif"
            },
            "themeState": {
                "base-color": {
                    "default": "#0094CE",
                    "value": "#0094CE",
                    "edited": false
                },
                "page-titlebar-backgroundColor": {
                    "value": "#0094CE",
                    "edited": false
                },
                "page-backgroundColor": {
                    "value": "#fafafa",
                    "edited": false
                },
                "page-sidebar-backgroundColor": {
                    "value": "#ffffff",
                    "edited": false
                },
                "group-textColor": {
                    "value": "#1bbfff",
                    "edited": false
                },
                "group-borderColor": {
                    "value": "#ffffff",
                    "edited": false
                },
                "group-backgroundColor": {
                    "value": "#ffffff",
                    "edited": false
                },
                "widget-textColor": {
                    "value": "#111111",
                    "edited": false
                },
                "widget-backgroundColor": {
                    "value": "#0094ce",
                    "edited": false
                },
                "widget-borderColor": {
                    "value": "#ffffff",
                    "edited": false
                },
                "base-font": {
                    "value": "-apple-system,BlinkMacSystemFont,Segoe UI,Roboto,Oxygen-Sans,Ubuntu,Cantarell,Helvetica Neue,sans-serif"
                }
            },
            "angularTheme": {
                "primary": "indigo",
                "accents": "blue",
                "warn": "red",
                "background": "grey",
                "palette": "light"
            }
        },
        "site": {
            "name": "Node-RED Dashboard",
            "hideToolbar": "false",
            "allowSwipe": "false",
            "lockMenu": "false",
            "allowTempTheme": "true",
            "dateFormat": "DD/MM/YYYY",
            "sizes": {
                "sx": 48,
                "sy": 48,
                "gx": 6,
                "gy": 6,
                "cx": 6,
                "cy": 6,
                "px": 0,
                "py": 0
            }
        }
    },
    {
        "id": "5df21b621a6f8629",
        "type": "mqtt in",
        "z": "46c740378cd3d37a",
        "name": "",
        "topic": "esp8266/dht11",
        "qos": "0",
        "datatype": "auto-detect",
        "broker": "ed96e13f2437c5eb",
        "nl": false,
        "rap": true,
        "rh": 0,
        "inputs": 0,
        "x": 400,
        "y": 620,
        "wires": [
            [
                "ae61791d1e154a99",
                "f5293b6d9a0ccc1d",
                "28377370eca6d579"
            ]
        ]
    },
    {
        "id": "ae61791d1e154a99",
        "type": "debug",
        "z": "46c740378cd3d37a",
        "name": "debug 1",
        "active": true,
        "tosidebar": true,
        "console": false,
        "tostatus": false,
        "complete": "false",
        "statusVal": "",
        "statusType": "auto",
        "x": 820,
        "y": 500,
        "wires": []
    },
    {
        "id": "f5293b6d9a0ccc1d",
        "type": "function",
        "z": "46c740378cd3d37a",
        "name": "function 5",
        "func": "var temp = Math.round(msg.payload.temperature * 10) / 10\nmsg.payload = temp\nreturn msg;",
        "outputs": 1,
        "timeout": 0,
        "noerr": 0,
        "initialize": "",
        "finalize": "",
        "libs": [],
        "x": 820,
        "y": 600,
        "wires": [
            [
                "7630957dc7bdb79b",
                "0fa94cbb43bcef1c"
            ]
        ]
    },
    {
        "id": "28377370eca6d579",
        "type": "function",
        "z": "46c740378cd3d37a",
        "name": "function 6",
        "func": "var temp = msg.payload.humidity\nmsg.payload = temp\nreturn msg;",
        "outputs": 1,
        "timeout": 0,
        "noerr": 0,
        "initialize": "",
        "finalize": "",
        "libs": [],
        "x": 820,
        "y": 700,
        "wires": [
            [
                "4658155b24d86e74",
                "2d9cc4c4f6cdad31"
            ]
        ]
    },
    {
        "id": "e4afebe2133fb389",
        "type": "mqtt out",
        "z": "46c740378cd3d37a",
        "name": "esp8266/client",
        "topic": "esp8266/client",
        "qos": "0",
        "retain": "",
        "respTopic": "",
        "contentType": "",
        "userProps": "",
        "correl": "",
        "expiry": "",
        "broker": "ed96e13f2437c5eb",
        "x": 1260,
        "y": 140,
        "wires": []
    },
    {
        "id": "3142ca878fc5d7f9",
        "type": "function",
        "z": "46c740378cd3d37a",
        "name": "function 1",
        "func": "var input = msg.payload;\nif(input===true){\n    msg.payload = \"{\\\"out1\\\":1}\";\n}else{\n    msg.payload = \"{\\\"out1\\\":0}\";\n}\nreturn msg;",
        "outputs": 1,
        "timeout": 0,
        "noerr": 0,
        "initialize": "",
        "finalize": "",
        "libs": [],
        "x": 820,
        "y": 80,
        "wires": [
            [
                "e4afebe2133fb389"
            ]
        ]
    },
    {
        "id": "fca7c349bb805470",
        "type": "function",
        "z": "46c740378cd3d37a",
        "name": "function 2",
        "func": "var input = msg.payload;\nif(input===true){\n    msg.payload = \"{\\\"out2\\\":1}\";\n}else{\n    msg.payload = \"{\\\"out2\\\":0}\";\n}\nreturn msg;",
        "outputs": 1,
        "timeout": 0,
        "noerr": 0,
        "initialize": "",
        "finalize": "",
        "libs": [],
        "x": 820,
        "y": 220,
        "wires": [
            [
                "e4afebe2133fb389"
            ]
        ]
    },
    {
        "id": "6a356a51e9649788",
        "type": "mqtt in",
        "z": "46c740378cd3d37a",
        "name": "",
        "topic": "esp8266/out",
        "qos": "0",
        "datatype": "auto-detect",
        "broker": "ed96e13f2437c5eb",
        "nl": false,
        "rap": true,
        "rh": 0,
        "inputs": 0,
        "x": 390,
        "y": 340,
        "wires": [
            [
                "654e4c10fb6555e0",
                "86c5aecfaf994657"
            ]
        ]
    },
    {
        "id": "654e4c10fb6555e0",
        "type": "function",
        "z": "46c740378cd3d37a",
        "name": "function 3",
        "func": "var temp = msg.payload.out1\nmsg.payload = (msg.payload.out1===1)?true:false;\nreturn msg;",
        "outputs": 1,
        "timeout": 0,
        "noerr": 0,
        "initialize": "",
        "finalize": "",
        "libs": [],
        "x": 820,
        "y": 300,
        "wires": [
            [
                "33d88c7d384142a4"
            ]
        ]
    },
    {
        "id": "86c5aecfaf994657",
        "type": "function",
        "z": "46c740378cd3d37a",
        "name": "function 4",
        "func": "var temp = msg.payload.out2\nmsg.payload = (msg.payload.out2 === 1) ? true : false;\nreturn msg;",
        "outputs": 1,
        "timeout": 0,
        "noerr": 0,
        "initialize": "",
        "finalize": "",
        "libs": [],
        "x": 820,
        "y": 380,
        "wires": [
            [
                "7f2c8c66bdd5f997"
            ]
        ]
    },
    {
        "id": "33d88c7d384142a4",
        "type": "ui_led",
        "z": "46c740378cd3d37a",
        "order": 3,
        "group": "734b5b45ad3ff782",
        "width": 4,
        "height": 2,
        "label": "Light 2",
        "labelPlacement": "left",
        "labelAlignment": "right",
        "colorForValue": [
            {
                "color": "#808080",
                "value": "false",
                "valueType": "bool"
            },
            {
                "color": "#ff0a0a",
                "value": "true",
                "valueType": "bool"
            }
        ],
        "allowColorForValueInMessage": false,
        "shape": "circle",
        "showGlow": true,
        "name": "Out1",
        "x": 1230,
        "y": 280,
        "wires": []
    },
    {
        "id": "7f2c8c66bdd5f997",
        "type": "ui_led",
        "z": "46c740378cd3d37a",
        "order": 9,
        "group": "734b5b45ad3ff782",
        "width": 4,
        "height": 2,
        "label": "Light 2",
        "labelPlacement": "left",
        "labelAlignment": "right",
        "colorForValue": [
            {
                "color": "#808080",
                "value": "false",
                "valueType": "bool"
            },
            {
                "color": "#ffff00",
                "value": "true",
                "valueType": "bool"
            }
        ],
        "allowColorForValueInMessage": false,
        "shape": "circle",
        "showGlow": true,
        "name": "Out1",
        "x": 1230,
        "y": 360,
        "wires": []
    },
    {
        "id": "660fe08bc278d102",
        "type": "ui_switch",
        "z": "46c740378cd3d37a",
        "name": "Button1",
        "label": "Công Tắc 1",
        "tooltip": "",
        "group": "734b5b45ad3ff782",
        "order": 2,
        "width": 2,
        "height": 2,
        "passthru": true,
        "decouple": "false",
        "topic": "topic",
        "topicType": "msg",
        "style": "",
        "onvalue": "true",
        "onvalueType": "bool",
        "onicon": "",
        "oncolor": "",
        "offvalue": "false",
        "offvalueType": "bool",
        "officon": "",
        "offcolor": "",
        "animate": false,
        "className": "",
        "x": 380,
        "y": 80,
        "wires": [
            [
                "3142ca878fc5d7f9"
            ]
        ]
    },
    {
        "id": "6d4f0508a6c18f76",
        "type": "ui_switch",
        "z": "46c740378cd3d37a",
        "name": "Button2",
        "label": "Công Tắc 2",
        "tooltip": "",
        "group": "734b5b45ad3ff782",
        "order": 8,
        "width": 2,
        "height": 2,
        "passthru": true,
        "decouple": "false",
        "topic": "topic",
        "topicType": "msg",
        "style": "",
        "onvalue": "true",
        "onvalueType": "bool",
        "onicon": "",
        "oncolor": "",
        "offvalue": "false",
        "offvalueType": "bool",
        "officon": "",
        "offcolor": "",
        "animate": false,
        "className": "",
        "x": 380,
        "y": 220,
        "wires": [
            [
                "fca7c349bb805470"
            ]
        ]
    },
    {
        "id": "7630957dc7bdb79b",
        "type": "ui_gauge",
        "z": "46c740378cd3d37a",
        "name": "",
        "group": "a56f8967af78bfb3",
        "order": 1,
        "width": 4,
        "height": 4,
        "gtype": "gage",
        "title": "Nhiệt độ",
        "label": "°C",
        "format": "{{value}}",
        "min": 0,
        "max": "100",
        "colors": [
            "#00b500",
            "#e6e600",
            "#ca3838"
        ],
        "seg1": "",
        "seg2": "",
        "diff": false,
        "className": "",
        "x": 1240,
        "y": 460,
        "wires": []
    },
    {
        "id": "4658155b24d86e74",
        "type": "ui_gauge",
        "z": "46c740378cd3d37a",
        "name": "",
        "group": "a56f8967af78bfb3",
        "order": 2,
        "width": 4,
        "height": 4,
        "gtype": "gage",
        "title": "Độ ẩm",
        "label": "%",
        "format": "{{value}}",
        "min": 0,
        "max": "100",
        "colors": [
            "#00b500",
            "#e6e600",
            "#ca3838"
        ],
        "seg1": "",
        "seg2": "",
        "diff": false,
        "className": "",
        "x": 1230,
        "y": 620,
        "wires": []
    },
    {
        "id": "0fa94cbb43bcef1c",
        "type": "ui_chart",
        "z": "46c740378cd3d37a",
        "name": "",
        "group": "a56f8967af78bfb3",
        "order": 3,
        "width": 8,
        "height": 4,
        "label": "Đồ thị nhiệt độ",
        "chartType": "line",
        "legend": "false",
        "xformat": "HH:mm:ss",
        "interpolate": "linear",
        "nodata": "",
        "dot": true,
        "ymin": "",
        "ymax": "",
        "removeOlder": 1,
        "removeOlderPoints": "",
        "removeOlderUnit": "3600",
        "cutout": 0,
        "useOneColor": false,
        "useUTC": false,
        "colors": [
            "#1f77b4",
            "#aec7e8",
            "#ff7f0e",
            "#2ca02c",
            "#98df8a",
            "#d62728",
            "#ff9896",
            "#9467bd",
            "#c5b0d5"
        ],
        "outputs": 1,
        "useDifferentColor": false,
        "className": "",
        "x": 1260,
        "y": 540,
        "wires": [
            []
        ]
    },
    {
        "id": "2d9cc4c4f6cdad31",
        "type": "ui_chart",
        "z": "46c740378cd3d37a",
        "name": "",
        "group": "a56f8967af78bfb3",
        "order": 4,
        "width": 8,
        "height": 4,
        "label": "Đồ thị độ ẩm",
        "chartType": "line",
        "legend": "false",
        "xformat": "HH:mm:ss",
        "interpolate": "linear",
        "nodata": "",
        "dot": true,
        "ymin": "",
        "ymax": "",
        "removeOlder": 1,
        "removeOlderPoints": "",
        "removeOlderUnit": "3600",
        "cutout": 0,
        "useOneColor": false,
        "useUTC": false,
        "colors": [
            "#1f77b4",
            "#aec7e8",
            "#ff7f0e",
            "#2ca02c",
            "#98df8a",
            "#d62728",
            "#ff9896",
            "#9467bd",
            "#c5b0d5"
        ],
        "outputs": 1,
        "useDifferentColor": false,
        "className": "",
        "x": 1250,
        "y": 700,
        "wires": [
            []
        ]
    }
]